[
  {
    "timestamp": "2025-04-21T00:24:19.489213",
    "summary": "Hi there! Ready whenever you are to jot down your thoughts."
  },
  {
    "timestamp": "2025-04-21T00:43:07.337247",
    "summary": "Okay, I hear you starting off feeling sad. Take your time and tell me what's on your mind. I'm here to listen."
  },
  {
    "timestamp": "2025-04-21T00:54:06.462182",
    "summary": "It looks like you had a super brief check-in early on April 21st, 2025, just saying a quick \"hello\" and \"bye\". Since it was so short, it's hard to grasp a specific mood, but it felt like a fleeting moment or maybe just testing the waters. It seems like you were just popping in very quickly before signing off. Hope you're doing well!"
  },
  {
    "timestamp": "2025-04-21T00:56:26.049067",
    "summary": "Okay, I've read your entry. It seems like you were simply feeling bad around midnight on April 21st. Your mood was clearly negative when you wrote this brief note. You seem straightforward in expressing your feelings, even when they're difficult. It sounds like you were just acknowledging feeling down at that moment."
  },
  {
    "timestamp": "2025-04-21T01:00:17.117545",
    "summary": "Okay, it sounds like you started off feeling really down, hitting a low point right at the beginning of your session. Since that was the only entry, the overwhelming feeling was quite negative and intense. It suggests you might be going through a particularly tough time right now, feeling overwhelmed or deeply unhappy. Without more detail, it's hard to pinpoint specifics, but that initial \"feeling worst\" sets a strong, somber tone for this moment."
  },
  {
    "timestamp": "2025-04-21T01:25:55.250915",
    "summary": "Okay, great start! Glad to hear you're feeling happy today. What's got you feeling so good? Or just tell me whatever's on your mind. I'm here to listen."
  },
  {
    "timestamp": "2025-04-21T01:30:19.346740",
    "summary": "Okay, sounds like a lovely start to your day! Let me know what else is on your mind."
  },
  {
    "timestamp": "2025-04-21T01:32:14.201577",
    "summary": "Okay, starting off happy is wonderful! What else is on your mind today? Let it all out."
  },
  {
    "timestamp": "2025-04-21T01:34:20.516164",
    "summary": "Okay, great start! On April 21st, 2025, you kicked things off feeling happy, setting a distinctly positive tone for your reflection. While brief, this entry captures a moment of clear contentment. You seem direct and comfortable stating your emotional state plainly. It's lovely to hear you were having a good day!"
  },
  {
    "timestamp": "2025-04-21T01:36:08.620638",
    "summary": "Okay, let's recap! You started your journaling today, April 21st, with a wonderfully straightforward feeling: happiness! It seems like you were in a really positive emotional space right from the get-go. While short and sweet, it clearly captures a moment of pure, uncomplicated joy. It's lovely to see you expressing that positive feeling so directly!"
  },
  {
    "timestamp": "2025-04-21T01:42:50.139497",
    "summary": "Okay, I hear you. Starting off feeling worried. What's on your mind? Take your time and tell me about it."
  },
  {
    "timestamp": "2025-04-21T02:00:16.895915",
    "summary": "Okay, starting off feeling sleepy. Let me know what's on your mind whenever you're ready."
  }
]