[
  {
    "session_timestamp": "2025-04-21T00:03:53.921086",
    "entries": [
      {
        "timestamp": "2025-04-21T00:03:50.401922",
        "user_input": "hiii "
      }
    ]
  },
  {
    "session_timestamp": "2025-04-21T00:11:25.154971",
    "entries": [
      {
        "timestamp": "2025-04-21T00:08:28.630144",
        "user_input": "hii",
        "mentor_response": "Hi there! It's nice to hear from you.\n\nWhat's bringing you here to journal today?"
      },
      {
        "timestamp": "2025-04-21T00:09:10.925141",
        "user_input": "how is it going onn",
        "mentor_response": "It's nice to connect with you. How are things feeling for you right now?"
      }
    ]
  },
  {
    "session_timestamp": "2025-04-21T00:24:19.489213",
    "entries": [
      {
        "timestamp": "2025-04-21T00:23:07.774456",
        "user_input": "Hello",
        "mentor_response": "Hi there. It's nice to hear from you.\n\nWhat's bringing you here to journal today?"
      }
    ]
  },
  {
    "session_timestamp": "2025-04-21T00:43:07.337247",
    "entries": [
      {
        "timestamp": "2025-04-21T00:43:00.359806",
        "user_input": "Hello i am feeling so sad"
      }
    ]
  },
  {
    "session_timestamp": "2025-04-21T00:53:45.622645",
    "entries": [
      {
        "timestamp": "2025-04-21T00:53:41.178605",
        "user_input": "hello ,hii ,byy"
      }
    ]
  },
  {
    "session_timestamp": "2025-04-21T00:56:06.939910",
    "entries": [
      {
        "timestamp": "2025-04-21T00:56:03.415368",
        "user_input": "feeling bad"
      }
    ]
  },
  {
    "session_timestamp": "2025-04-21T00:59:59.948908",
    "entries": [
      {
        "timestamp": "2025-04-21T00:59:56.282983",
        "user_input": "feeling worst"
      }
    ]
  },
  {
    "session_timestamp": "2025-04-21T01:25:39.408084",
    "entries": [
      {
        "timestamp": "2025-04-21T01:25:37.414282",
        "user_input": "hi feel so happy today"
      }
    ]
  },
  {
    "session_timestamp": "2025-04-21T01:30:08.585689",
    "entries": [
      {
        "timestamp": "2025-04-21T01:30:05.591618",
        "user_input": "hi i feel happy today"
      }
    ]
  },
  {
    "session_timestamp": "2025-04-21T01:31:59.477486",
    "entries": [
      {
        "timestamp": "2025-04-21T01:31:56.907160",
        "user_input": "hi i feel happy today"
      }
    ]
  },
  {
    "session_timestamp": "2025-04-21T01:33:51.912538",
    "entries": [
      {
        "timestamp": "2025-04-21T01:33:50.039575",
        "user_input": "hi i am happy today"
      }
    ]
  },
  {
    "session_timestamp": "2025-04-21T01:35:55.724051",
    "entries": [
      {
        "timestamp": "2025-04-21T01:35:54.676950",
        "user_input": "hi i am happy"
      }
    ]
  },
  {
    "session_timestamp": "2025-04-21T01:42:39.333529",
    "entries": [
      {
        "timestamp": "2025-04-21T01:42:37.666362",
        "user_input": "hi i am worried"
      }
    ]
  },
  {
    "session_timestamp": "2025-04-21T01:59:58.110861",
    "entries": [
      {
        "timestamp": "2025-04-21T01:59:56.284221",
        "user_input": "hi i am sleepy"
      }
    ]
  },
  {
    "session_timestamp": "2025-04-21T02:02:50.345198",
    "entries": [
      {
        "timestamp": "2025-04-21T02:02:47.914259",
        "user_input": "hi i am sleepy"
      }
    ]
  },
  {
    "session_timestamp": "2025-04-21T02:39:14.378097",
    "entries": [
      {
        "timestamp": "2025-04-21T02:39:12.477941",
        "user_input": "hi"
      }
    ]
  }
]